gid,wildtype
G000,DVSGTVCLSALPPEATDTLNLIASDGPFPYSQDGVVFQNRESVLPTQSYGYYHEYTVITPGARTRGTRRIITGEATQEDYYTGDHYATFSLIDQTC
G001,KIFSKCELARKLKSMGMDGFHGYSLANWVCMAEYESNFNTQAFNGRNSNGSSDYGIFQLNSKWWCKSNSHSSANACNIMCSKFLDDNIDDDIACAKRVVKDPNGMSAWVAWVKHCKGKDLSKYLASCNL
G002,MAARLLRVASAALGDTAGRWRLLARPRAGAGGLRGSRGPGLGGGAVATRTLSVSGRAQSSSEDKITVHFINRDGETLTTKGKIGDSLLDVVVQNNLDIDGFGACEGTLACSTCHLIFEQHIFEKLEAITDEENDMLDLAYGLTDRSRLGCQICLTKAMDNMTVRVPDAVSDARESIDMGMNSSKIE
G003,MADEEKLPPGWEKRMSRSSGRVYYFNHITNASQWERPSGNSSSGGKNGQGEPARVRCSHLLVKHSQSRRPSSWRQEKITRTKEEALELINGYIQKIKSGEEDFESLASQFSDCSSAKARGDLGAFSRGQMQKPFEDASFALRTGEMSGPVFTDSGIHIILRTE
G004,MAEESSKAVKYYTLEEIQKHNNSKSTWLILHYKVYDLTKFLEEHPGGEEVLREQAGGDATENFEDVGHSTDARELSKTFIIGELHPDDRSKITKPSESIITTIDSNPSWWTNWLIPAISALFVALIYHLYTSEN
G005,MAEGEITTFTALTEKFNLPPGNYKKPKLLYCSNGGHFLRILPDGTVDGTRDRSDQHIQLQLSAESVGEVYIKSTETGQYLAMDTDGLLYGSQTPNEECLFLERLEENHYNTYISKKHAEKNWFVGLKKNGSCKRGPRTHYGQKAILFLPLPVSSD
G006,MAFEFKLPDIGEGIHEGEIVKWFVKPGDEVNEDDVLCEVQNDKAVVEIPSPVKGKVLEILVPEGTVATVGQTLITLDAPGYENMTFKGQEQEEAKKEEKTETVSKEEKVDAVAPNAPAAEAEAGPNRRVIAMPSVRKYAREKGVDIRLVQGTGKNGRVLKEDIDAFLAGGAKPAPAAAEEKAAPAAAKPATTEGEFPETREKMSGIRRAIAKAMVHSKHTAPHVTLMDEADVTKLVAHRKKFKAIAAEKGIKLTFLPYVVKALVSALREYPVLNTSIDDETEEIIQKHYYNIGIAADTDRGLLVPVIKHADRKPIFALAQEINELAEKARDGKLTPGEMKGASCTITNIGSAGGQWFTPVINHPEVAILGIGRIAEKPIVRDGEIVAAPMLALSLSFDHRMIDGATAQKALNHIKRLLSDPELLLMEA
G007,MALEKSLVRLLLLVLILLVLGWVQPSLGKESRAKKFQRQHMDSDSSPSSSSTYCNQMMRRRNMTQGRCKPVNTFVHEPLVDVQNVCFQEKVTCKNGQGNCYKSNSSMHITDCRLTNGSRYPNCAYRTSPKERHIIVACEGSPYVPVHFDASVEDST
G008,MALKSLVLLSLLVLVLLLVRVQPSLGKETAAAKFERQHMDSSTSAASSSNYCNQMMKSRNLTKDRCKPVNTFVHESLADVQAVCSQKNVACKNGQTNCYQSYSTMSITDCRETGSSKYPNCAYKTTQANKHIIVACEGNPYVPVHFDASV
G009,MALLTAAARLFGAKNASCLVLAARHASASSTNLKDILADLIPKEQARIKTFRQQHGNTVVGQITVDMMYGGMRGMKGLVYETSVLDPDEGIRFRGYSIPECQKMLPKAKGGEEPLPEGLFWLLVTGQIPTEEQVSWLSKEWAKRAALPSHVVTMLDNFPTNLHPMSQLSAAITALNSESNFARAYAEGIHRTKYWELIYEDCMDLIAKLPCVAAKIYRNLYREGSSIGAIDSKLDWSHNFTNMLGYTDAQFTELMRLYLTIHSDHEGGNVSAHTSHLVGSALSDPYLSFAAAMNGLAGPLHGLANQEVLVWLTQLQKEVGKDVSDEKLRDYIWNTLNSGRVVPGYGHAVLRKTDPRYTCQREFALKHLPHDPMFKLVAQLYKIVPNVLLEQGKAKNPWPNVDAHSGVLLQYYGMTEMNYYTVLFGVSRALGVLAQLIWSRALGFPLERPKSMSTDGLIKLVDSK
G010,MALLVLAALLTVGAGQAGLNSRALWQFNGMIKCKIPSSEPLLDLNNYGCYCGLGGSGTPVDDLDRCCQTVDNCYKQAKKLDSCKVLVDNPYTNNYSYSCSNNEITCSSENNACEAFICNCDRNAAICFSKVPYNKEHKNLDKKNC
G011,MALNEGQIVTLAVDEIIETISAITPMAQKAKKYTPPAASMQRSSNTIWMPVEQESPTQEGWDLTDKATGLLELNVAVNMGEPDNDFFQLRADDLRDETAYRRRIQSAARKLANNVELKVANMAAEMGSLVITSPDAIGTNTADAWNFVADAEEIMFSRELNRDMGTSYFFNPQDYKKAGYDLTKRDIFGRIPEEAYRDGTIQRQVAGFDDVLRSPKLPVLTKSTATGITVSGAQSFKPVAWQLDNDGNKVNVDNRFATVTLSATTGMKRGDKISFAGVKFLGQMAKNVLAQDATFSVVRVVDGTHVEITPKPVALDDVSLSPEQRAYANVNTSLADAMAVNILNVKDARTNVFWADDAIRIVSQPIPANHELFAGMKTTSFSIPDVGLNGIFATQGDISTLSGLCRIALWYGVNATRPEAIGVGLPGQTA
G012,MAQSVPPGDIQTQPGTKIVFNAPYDDKHTYHIKVINSSARRIGYGIKTTNMKRLGVDPPCGVLDPKEAVLLAVSCDAFAFGQEDTNNDRITVEWTNTPDGAAKQFRREWFQGDGMVRRKNLPIEYN
G013,MASHKLLVTPPKALLKPLSIPNQLLLGPGPSNLPPRIMAAGGLQMIGSMSKDMYQIMDEIKEGIQYVFQTRNPLTLVISGSGHCALEAALVNVLEPGDSFLVGANGIWGQRAVDIGERIGARVHPMTKDPGGHYTLQEVEEGLAQHKPVLLFLTHGESSTGVLQPLDGFGELCHRYKCLLLVDSVASLGGTPLYMDRQGIDILYSGSQKALNAPPGTSLISFSDKAKKKMYSRKTKPFSFYLDIKWLANFWGCDDQPRMYHHTIPVISLYSLRESLALIAEQGLENSWRQHREAAAYLHGRLQALGLQLFVKDPALRLPTVTTVAVPAGYDWRDIVSYVIDHFDIEIMGGLGPSTGKVLRIGLLGCNATRENVDRVTEALRAALQHCPKKKL
G014,MDAMKRGLCCVLLLCGAVFVSPSQEIHARFRRGARSYQVICRDEKTQMIYQQHQSWLRPVLRSNRVEYCWCNSGRAQCHSVPVKSCSEPRCFNGGTCQQALYFSDFVCQCPEGFAGKCCEIDTRATCYEDQGISYRGTWSTAESGAECTNWNSSALAQKPYSGRRPDAIRLGLGNHNYCRNPDRDSKPWCYVFKAGKYSSEFCSTPACSEGNSDCYFGNGSAYRGTHSLTESGASCLPWNSMILIGKVYTAQNPSAQALGLGKHNYCRNPDGDAKPWCHVLKNRRLTWEYCDVPSCSTCGLRQYSQPQFRIKGGLFADIASHPWQAAIFAKHRRSPGERFLCGGILISSCWILSAAHCFQERFPPHHLTVILGRTYRVVPGEEEQKFEVEKYIVHKEFDDDTYDNDIALLQLKSDSSRCAQESSVVRTVCLPPADLQLPDWTECELSGYGKHEALSPFYSERLKEAHVRLYPSSRCTSQHLLNRTVTDNMLCAGDTRSGGPQANLHDACQGDSGGPLVCLNDGRMTLVGIISWGLGCGQKDVPGVYTKVTNYLDWIRDNMRP
G015,MDAVAVYHGKISRETGEKLLLATGLDGSYLLRDSESVPGVYCLCVLYHGYIYTYRVSQTETGSWSAETAPGVHKRYFRKIKNLISAFQKPDQGIVIPLQYPVEKKSSARSTQGTTGIREDPDVCLKAP
G016,MDPSGVKVLETAEDIQERRQQVLDRYHRFKELSSLRRQKLEDSYRFQFFQRDADELGKWIQEKLQIASDENYKDPSNLQGKLQKHQAFEAEVQANSGAIVKLDETGNQMINEGHFASETIRTRLQELHRLWELLLEKMREKGVKLLQAQKLVQFLRECEDVMDWINDKEAIVTSEELGQDLEHVEVLQKKFEEFQTDLAAHEERVNEVNQFAGKLIQEQHPEEELIKSKQDEVNASWQRLKGLAQQRQGKLFGAAEVQRFNRDVDETISWIKEKGQLMASDDFGRDLASVQALLRKHEGLERDLAAFHHKVKALCAEADRLQQSHPINASQIQVKREELIANWEQIRTLAAERHARLNDSYRLQRFLADFRDLTSWVTEMKALINADELANDVAGAEALLDRHQEHKGEIDAHEDSFRSADESGQALLAAGHYASDEVKEKLTILSDERSALLELWELRRQQYEQCMDLQLFYRDTEQVDNWMSKQEAFLLNEDLGDSLDSVEALLKKHEDFEKSLSAQEEKITALDEFATKLIQNNHYAMDDVATRRDALLSRRNALHERAMKRRAQLADSFHLQQFFRDSDELKSWVNEKMKTATDEAYKDPSNLQGKVQKHQAFEAELSANQSRIDALEKAGQKLIDVNHYASDEVAARMNEVISLWKKLLEATELKGIKLREANQQQQFNRNVEDIELWLYEVEGHLASDDYGKDLTSVQNLQKKHALLEADVAAHQDPIDGITIQARQFQDAGHFDADNIKKKQEALVARYEALKDPMVARKQKLADSLRLQQLFRDIEDEETWIREKEPIAASTNRGKDLIGVQNLLKKHQALQAEIAGHEPRIKAVTQKGNAMVEEGHFAAEDVKIKLNELNQKWDSLKAKASQRRQDLEDSLQAQQYFADANEAQSWMREKEPIVGSTDYGKDEDSAEALLKKHEALMSDLSAYGSSIQALREQAQSCRQQVAPTDDETGKELVLALYDYQEKSPREVTMKKGDILTLLNSTNKDWWKVEVNDRQGFVPAAYVKKLDPAQSASRENLLEEQGSIALRQEQIDNQTLITKEVGSVSLRMKQVEELYHSLLELGEKRKGMLEKSCKKFMLFREANELQQWINEKEAALTNEEVGADLEQVEVLQKKFDDFQKDLKANESRLKDINKVANDLESEGLMAEEVQAVEHQEVYGMMPRDETDSKTVSPWKSARMMVHTVATFNSIKELNERWRSLQQLAEERSQLLGSADEVQRFHRDADETKEWIEEKNQALNTDNYGHDLASVQALQRNDEGFERDLAALGDKVNSLGETAQRLIQSHPELAEDLQEKCTELNQAWSSLGKRADQRKEKLGDSHDLQRFLSDFRDLMSWINGIRGLVSSDELAKDVTGAEALLERHQEHRTEIDARAGTFQAFEQFGQQLLARGHYASPEIKEKLDILDQERTDLEKAWVQRRMMLDQCLELQLFHRDCEQAENWMAAREAFLNTEDKGDSLDSVEALIKKHEDFDKAINVQEEKIAVLQSFADQLIAADHYAKGVIANRRNEVLDRWRRLKAQMIEKRSKLGESQTLQQFSRDVDEIEAWISEKLQTASDESYKDPTNIQLSKLLSKHQKHQAFEAELHANADRIRGVIEMGNPLIERGACAGSEDAVKARLAALADQWEFLVQKSSEKSQKLKEANKQQNFNTGIKDFDFWLSEVEALLASEDYGKDLASVNNLLKKHQLLEADISAHEDRLKDLNSQADSLMTSSAFDTSQVKDKRETINGRFQRIKSMAAARRAKLNESHRLHQFFRDMDDEESWIKEKKLLVSSEDYGRDLTGVQNLRKKHKRLEAELAAHEPAIQGVLDTGKKLSDDNTIGKEEIQQRLAQFVDHWKELKQLAAARGQRLEESLEYQQFVANVEEEEAWINEKMTLVASEDYGDTLAAIQGLLKKHEAFETDFTVHKDRVNDVCANGEDLIKKNNHHVENITAKMKGLKGKVSDLEKAAAQRKAKLDENSAFLQFNWKADVVESWIGEKENSLKTDDYGRDLSSVQTLLTKQETFDAGLQAFQQEGIANITALKDQLLAAKHIQSKAIEVRHASLMKRWNQLLANSAARKKKLLEAQEHFRKVEDLFLTFAKKASAFNSWFENAEEDLTDPVRCNSLEEIKALREAHDAFRSSLSSAQADFNQLAELDRQIKSFRVASNPYTWFTMEALEETWRNLQKIIKERELELQKEQRRQEENDKLRQEFAQHANAFHQWIQETRTYLLDGSCMVEESGTLESQLEATKRKHQEIRAMRSQLKKIEDLGAAMEEALILDNKYTEHSTVGLAQQWDQLDQLGMRMQHNLEQQIQARNTTGVTEEALKEFSMMFKHFDKDKSGRLNHQEFKSCLRSLGYDLPMVEEGEPDPEFESILDTVDPNRDGHVSLQEYMAFMISRETENVKSSEEIESAFRALSSERKPYVTKEELYQNLTREQADYCISHMKPYMDGKGRELPSAYDYIEFTRSLFVN
G017,MEAIAKHDFSATADDELSFRKAQILKILNMEDDSNWYRAELDGKEGLIPSNYIEMKNHDWYYGRITRADAEKLLSNKHEGAFLIRISESSPGDFSLSVKCPDGVQHFKVLRDAQSKFFLWVVKFNSLNELVEYHRTASVSRSQDVKLRDMIPEEMLVQALYDFVPQESGELDFRRGDVITVTDRSDENWWNGEIGNRKGIFPATYVTPYHS
G018,MEAIAKHDFSATADDELSFRKTQILKILNMEDDSNWYRAELDGKEGLIPSNYIEMKNHDWYYGRITRADAEKLLSNKHEGAFLIRISESSPGDFSLSVKCPDGVQHFKVLRDAQSKFFLWVVKFNSLNELVEYHRTASVSRSQDVKLRDMIPEEMLVQALYDFVPQESGELDFRRGDVITVTDRSDENWWNGEIGNRKGIFPATYVTPYHS
G019,MEELQDDYEDMMEENLEQEEYEDPDIPESQMEEPAAHDTEATATDYHTTSHPGTHKVYVELQELVMDEKNQELRWMEAARWVQLEENLGENGAWGRPHLSHLTFWSLLELRRVFTKGTVLLDLQETSLAGVANQLLDRFIFEDQIRPQDREELLRALLLKHSHAGELEALGGVKPAVLTRSGDPSQPLLPQHSSLETQLFCEQGDGGTEGHSPSGILEKIPPDSEATLVLVGRADFLEQPVLGFVRLQEAAELEAVELPVPIRFLFVLLGPEAPHIDYTQLGRAAATLMSERVFRIDAYMAQSRGELLHSLEGFLDCSLVLPPTDAPSEQALLSLVPVQRELLRRRYQSSPAKPDSSFYKGLDLNGGPDDPLQQTGQLFGGLVRDIRRRYPYYLSDITDAFSPQVLAAVIFIYFAALSPAITFGGLLGEKTRNQMGVSELLISTAVQGILFALLGAQPLLVVGFSGPLLVFEEAFFSFCETNGLEYIVGRVWIGFWLILLVVLVVAFEGSFLVRFISRYTQEIFSFLISLIFIYETFSKLIKIFQDHPLQKTYNYNVLMVPKPQGPLPNTALLSLVLMAGTFFFAMMLRKFKNSSYFPGKLRRVIGDFGVPISILIMVLVDFFIQDTYTQKLSVPDGFKVSNSSARGWVIHPLGLRSEFPIWMMFASALPALLVFILIFLESQITTLIVSKPERKMVKGSGFHLDLLLVVGMGGVAALFGMPWLSATTVRSVTHANALTVMGKASTPGAAAQIQEVKEQRISGLLVAVLVGLSILMEPILSRIPLAVLFGIFLYMGVTSLSGIQLFDRILLLFKPPKYHPDVPYVKRVKTWRMHLFTGIQIICLAVLWVVKSTPASLALPFVLILTVPLRRVLLPLIFRNVELQCLDADDAKATFDEEEGRDEYDEVAMPV
G020,MEEPQSDPSVEPPLSQETFSDLWKLLPENNVLSPLPSQAMDDLMLSPDDIEQWFTEDPGPDEAPRMPEAAPPVAPAPAAPTPAAPAPAPSWPLSSSVPSQKTYQGSYGFRLGFLHSGTAKSVTCTYSPALNKMFCQLAKTCPVQLWVDSTPPPGTRVRAMAIYKQSQHMTEVVRRCPHHERCSDSDGLAPPQHLIRVEGNLRVEYLDDRNTFRHSVVVPYEPPEVGSDCTTIHYNYMCNSSCMGGMNRRPILTIITLEDSSGNLLGRNSFEVRVCACPGRDRRTEEENLRKKGEPHHELPPGSTKRALPNNTSSSPQPKKKPLDGEYFTLQIRGRERFEMFRELNEALELKDAQAGKEPGGSRAHSSHLKSKKGQSTSRHKKLMFKTEGPDSD
G021,MEIQNTKPTQTLYTDISTKQTQSSSETQKSQNYQQIAAHIPLNVGKNPVLTTTLNDDQLLKLSEQVQHDSEIIARLTDKKMKDLSEMSHTLTPENTLDISSLSSNAVSLIISVAVLLSALRTAETKLGSQLSLIAFDATKSAAENIVRQGLAALSSSITGAVTQVGITGIGAKKTHSGISDQKGALRKNLATAQSLEKELAGSKLGLNKQIDTNITSPQTNSSTKFLGKNKLAPDNISLSTEHKTSLSSPDISLQDKIDTQRRTYELNTLSAQQKQNIGRATMETSAVAGNISTSGGRYASALEEEEQLISQASSKQAEEASQVSKEASQATNQLIQKLLNIIDSINQSKNSAASQIAGNIRA
G022,MEKEKKVKYFLRKSAFGLASVSAAFLVGSTVFAVDSPIEDTPIIRNGGELTNLLGNSETTLALRNEESATADLTAAAVADTVAAAAAENAGAAAWEAAAAADALAKAKADALKEFNKYGVSDYYKNLINNAKTVEGIKDLQAQVVESAKKARISEATDGLSDFLKSQTPAEDTVKSIELAEAKVLANRELDKYGVSDYHKNLINNAKTVEGVKELIDEILAALPKTDTYKLILNGKTLKGETTTEAVDAATAEKVFKQYANDNGVDGEWTYDDATKTFTVTEKPEVIDASELTPAVTTYKLVINGKTLKGETTTKAVDAETAEKAFKQYANDNGVDGVWTYDDATKTFTVTEMVTEVPGDAPTEPEKPEASIPLVPLTPATPIAKDDAKKDDTKKEDAKKPEAKKDDAKKAETLPTTGEGSNPFFTAAALAVMAGAGALAVASKRKED
G023,MEKILIFGHQNPDTDTICSAIAYADLKNKLGFNAEPVRLGQVNGETQYALDYFKQESPRLVETAANEVNGVILVDHNERQQSIKDIEEVQVLEVIDHHRIANFETAEPLYYRAEPVGCTATILNKMYKENNVKIEKEIAGLMLSAIISDSLLFKSPTCTDQDVAAAKELAEIAGVDAEEYGLNMLKAGADLSKKTVEELISLDAKEFTLGSKKVEIAQVNTVDIEDVKKRQAELEAVISKVVAEKNLDLFLLVITDILENDSLALAIGNEAAKVEKAFNVTLENNTALLKGVVSRKKQVVPVLTDAMAE
G024,MEPAAGSSMEPSADWLATAAARGRVEEVRALLEAGALPNAPNSYGRRPIQVMMMGSARVAELLLLHGAEPNCADPATLTRPVHDAAREGFLDTLVVLHRAGARLDVRDAWGRLPVDLAEELGHRDVARYLRAAAGGTRGSNHARIDAAEGPSDIPD
G025,MEPTTEIQATEDLTLSGDHAAASADSLVVDNANDNAGQEEGFEIVLKDDETAPKQDPAKNAEFARRRIERKRQRELEQQMEAVKRGELPESLRVNPDLPPQPDINAYLSEEGLAKYDYDNSRALAAFNAANTEWLMKAQDARSNAVAEQGRKTQEFTQQSAQYVEAARKHYDAAEKLNIPDYQEKEDAFMQLVPPAVGADIMRLFPEKSAALMYHLGANPEKARQLLAMDGQSALIELTRLSERLTLKPRGKQISSAPPADQPITGDVSAANKDAIRKQMDAAASKGDVETYRKLKAKLKGIR
G026,MEQRITLKDYAMRFGQTKTAKDLGVYQSAINKAIHAGRKIFLTINADGSVYAEEVKPFPSNKKTTA
G027,MERYENLFAQLNDRREGAFVPFVTLGDPGIEQSLKIIDTLIDAGADALELGVPFSDPLADGPTIQNANLRAFAAGVTPAQCFEMLALIREKHPTIPIGLLMYANLVFNNGIDAFYARCEQVGVDSVLVADVPVEESAPFRQAALRHNIAPIFICPPNADDDLLRQVASYGRGYTYLLSRSGVTGAENRGALPLHHLIEKLKEYHAAPALQGFGISSPEQVSAAVRAGAAGAISGSAIVKIIEKNLASPKQMLAELRSFVSAMKAASRA
G028,MERYESLFAQLKERKEGAFVPFVTLGDPGIEQSLKIIDTLIEAGADALELGIPFSDPLADGPTIQNATLRAFAAGVTPAQCFEMLALIRQKHPTIPIGLLMYANLVFNKGIDEFYAQCEKVGVDSVLVADVPVEESAPFRQAALRHNVAPIFICPPNADDDLLRQIASYGRGYTYLLSRAGVTGAENRAALPLNHLVAKLKEYNAAPPLQGFGISAPDQVKAAIDAGAAGAISGSAIVKIIEQHINEPEKMLAALKVFVQPMKAATRS
G029,MGCVQCKDKEATKLTEERDGSLNQSSGYRYGTDPTPQHYPSFGVTSIPNYNNFHAAGGQGLTVFGGVNSSSHTGTLRTRGGTGVTLFVALYDYEARTEDDLSFHKGEKFQILNSSEGDWWEARSLTTGETGYIPSNYVAPVDSIQAEEWYFGKLGRKDAERQLLSFGNPRGTFLIRESETTKGAYSLSIRDWDDMKGDHVKHYKIRKLDNGGYYITTRAQFETLQQLVQHYSERAAGLCCRLVVPCHKGMPRLTDLSVKTKDVWEIPRESLQLIKRLGNGQFGEVWMGTWNGNTKVAIKTLKPGTMSPESFLEEAQIMKKLKHDKLVQLYAVVSEEPIYIVTEYMNKGSLLDFLKDGEGRALKLPNLVDMAAQVAAGMAYIERMNYIHRDLRSANILVGNGLICKIADFGLARLIEDNEYTARQGAKFPIKWTAPEAALYGRFTIKSDVWSFGILLTELVTKGRVPYPGMNNREVLEQVERGYRMPCPQDCPISLHELMIHCWKKDPEERPTFEYLQSFLEDYFTATEPQYQPGENL
G030,MGDGWLPPDCGPHNRSGGGGATAAPTGSRQVSAELLSQQWEAGMSLLMALVVLLIVAGNVLVIAAIGRTQRLQTLTNLFITSLACADLVMGLLVVPFGATLVVRGTWLWGSFLCECWTSLDVLCVTASIETLCVIAIDRYLAITSPFRYQSLMTRARAKVIICTVWAISALVSFLPIMMHWWRDEDPQALKCYQDPGCCDFVTNRAYAIASSIISFYIPLLIMIFVYLRVYREAKEQIRKIDRCEGRFYGSQEQPQPPPLPQHQPILGNGRASKRKTSRVMAMREHKALKTLGIIMGVFTLCWLPFFLVNIVNVFNRDLVPDWLFVFFNWLGYANSAFNPIIYCRSPDFRKAFKRLLCFPRKADRRLHAGGQPAPLPGGFISTLGSPEHSPGGTWSDCNGGTRGGSESSLEERHSKTSRSESKMEREKNILATTRFYCTFLGNGDKAVFCTVLRIVKLFEDATCTCPHTHKLKMKWRFKQHQA
G031,MGKGDPKKPRGKMSSYAFFVQTCREEHKKKHPDASVNFSEFSKKCSERWKTMSAKEKGKFEDMAKADKARYEREMKTYIPPKGETKKKFKDPNAPKRPPSAFFLFCSEYRPKIKGEHPGLSIGDVAKKLGEMWNNTAADDKQPYEKKAAKLKEKYEKDIAAYRAKGKPDAAKKGVVKAEKSKKKKEEEDDEEDEEDEEEEEEEEDEDEEEDDDDE
G032,MGKITLYEDRGFQGRHYECSSDHPNLQPYLSRCNSARVDSGCWMLYEQPNYSGLQYALRRGDYADHQQWMGLSDSVRSCRLIPHSGSHRIRLYEREDYRGQMIEFTEDCSKLQDRFRFNEIHSLNVLEGSWVLYELSNYRGRQYLLMPGDYRRYQDWGATNARVGSLRRVIDFS
G033,MGKITLYEDRGFQGRHYECSSDHPNLQPYLSRCNSARVDSGCWMLYEQPNYSGLQYFLRRGDYADHQQWMGLSDSVRSCRLIPHSGSHRIRLYEREDYRGQMIEFTEDCSCLQDRFRFNEIHSLNVLEGSWVLYELSNYRGRQYLLMPGDYRRYQDWGATNARVGSLRRVIDFS
G034,MGSIGAASMEFCFDVFKELKVHHANENIFYCPIAIMSALAMVYLGAKDSTRTQINKVVRFDKLPGFGDSIEAQCGTSVNVHSSLRDILNQITKPNDVYSFSLASRLYAEERYPILPEYLQCVKELYRGGLEPINFQTAADQARELINSWVESQTNGIIRNVLQPSSVDSQTAMVLVNAIVFKGLWEKAFKDEDTQAMPFRVTEQESKPVQMMYQIGLFRVASMASEKMKILELPFASGTMSMLVLLPDEVSGLEQLESIINFEKLTEWTSSNVMEERKIKVYLPRMKMEEKYNLTSVLMAMGITDVFSSSANLSGISSAESLKISQAVHAAHAEINEAGREVVGSAEAGVDAASVSEEFRADHPFLFCIKHIATNAVLFFGRCVSP
G035,MGSYALPRSGVRRSIRVLLLALVVGVLGTATALIAPPGAHAAESTLGAAAAQSGRYFGTAIASGRLSDSTYTSIAGREFNMVTAENEMKIDATEPQRGQFNFSSADRVYNWAVQNGKQVRGHTLAWHSQQPGWMQSLSGSALRQAMIDHINGVMAHYKGKIVQWDVVNEAFADGSSGARRDSNLQRSGNDWIEVAFRTARAADPSAKLCYNDYNVENWTWAKTQAMYNMVRDFKQRGVPIDCVGFQSHFNSGSPYNSNFRTTLQNFAALGVDVAITELDIQGAPASTYANVTNDCLAVSRCLGITVWGVRDSDSWRSEQTPLLFNNDGSKKAAYTAVLDALNGGDSSEPPADGGQIKGVGSGRCLDVPDASTSDGTQLQLWDCHSGTNQQWAATDAGELRVYGDKCLDAAGTSNGSKVQIYSCWGGDNQKWRLNSDGSVVGVQSGLCLDAVGNGTANGTLIQLYTCSNGSNQRWTRT
G036,MHSQHRTARIALAVVLTAIPASLATAGVGYASTQASTAVKAGAGLDDPHKKEIAMELVSSAENSSLDWKAQYKYIEDIGDGRGYTGGIIGFCSGTGDMLELVQHYTDLEPGNILAKYLPALKKVNGSASHSGLGTPFTKDWATAAKDTVFQQAQNDERDRVYFDPAVSQAKADGLRALGQFAYYDAIVMHGPGNDPTSFGGIRKTAMKKARTPAQGGDETTYLNAFLDARKAAMLTEAAHDDTSRVDTEQRVFLKAGNLDLNPPLKWKTYGDPYVINS
G037,MISLIAALAVDRVIGMENAMPWNLPADLAWFKRNTLNKPVIMGRHTWESIGRPLPGRKNIILSSQPGTDDRVTWVKSVDEAIAACGDVPEIMVIGGGRVYEQFLPKAQKLYLTHIDAEVEGDTHFPDYEPDDWESVFSEFHDADAQNSHSYCFEILERR
G038,MKALIVLGLVLLSVTVQGKVFERCELARTLKRLGMDGYRGISLANWMCLAKWESGYNTRATNYNAGDRSTDYGIFQINSRYWCNDGKTPGAVNACHLSCSALLQDNIADAVACAKRVVRDPQGIRAWVAWRNRCQNRDVRQYVQGCGV
G039,MKFLQIIPVLLSLTSTTLAQSFCSSASHSGQSVKETGNKVGTIGGVGYELWADSGNNSATFYSDGSFSCTFQNAGDYLCRSGLSFDSTKTPSQIGRMKADFKLVKQNISNVGYSYVGVYGWTRSPLVEYYIVDNWLSPSPPGDWVGNKKHGSFTIDGAQYTVYENTRTGPSIDGNTTFKQYFSIRQQARDCGTIDISAHFDQWEKLGMTMGKLHEAKVLGEAGNGNGGVSGTADFPYAKVYIGDGNGGGASPAPAGGAPAGGAPAGNDQPQGPQGQQPPQGQQPPQGQQPPQGQQPPQGQQPPQGNDQQGQQPPQGQQPPQGNDQHQGQHPPQPQGPQGGNPGGSDFNNWSQGGSPWGGNQGGSPWGGNQGGNPWGGNQGGSPWGGNQGGSPWGQGNQGGNPWGGNQGGSPWGGNQGGNPWGGNQWGAPQNAAAPQSAAAPQNASDGGNCASLWGQCGGQGYNGPSCCSEGSCKPINEYFHQCQK
G040,MKFLQVLPALIPAALAQTSCDQWATFTGNGYTVSNNLWGASAGSGFGCVTAVSLSGGASWHADWQWSGGQNNVKSYQNSQIAIPQKRTVNSISSMPTTASWSYSGSNIRANVAYDLFTAANPNHVTYSGDYELMIWLGKYGDIGPIGSSQGTVNVGGQSWTLYYGYNGAMQVYSFVAQTNTTNYSGDVKNFFNYLRDNKGYNAAGQYVLSYQFGTEPFTGSGTLNVASWTASIN
G041,MKFVKRRIIALVTILMLSVTSLFALQPSAKAAEHNPVVMVHGIGGASFNFAGIKSYLVSQGWSRDKLYAVDFWDKTGTNYNNGPVLSRFVQKVLDETGAKKVDIVAHSMGGANTLYYIKNLDGGNKVANVVTLGGANRLTTGKALPGTDPNQKILYTSIYSSADMIVMNYLSRLDGARNVQIHGVGHIGLLYSSQVNSLIKEGLNGGGQNTN
G042,MKGFAMLGIGKLGWIEKERPVAGSYDAIVRPLAVSPCTSDIHTVFEGALGDRKNMILGHEAVGEVLEVGSEVKDFKPGDRVIVPCTTPDWRSLAVQAGFQQHSNGMLAGWKFSNFKDGVFGEYFHVNDADMNLAILPKDMPLENAVMILDMMTTGFHGAELADIQMGSSVVVIGIGAVGLMGIAGAKLRGAGRIIGVGSRPICVEAAKFYGATDILNYKNGHIVDQVMKLTNGKGVDRVIMAGGGSETLSQAVSMVKPGGIISNINYHGSGDALLIPRVEWGCGMAHKTIKGGLCPGGRLRAEMLRDMVVYNRVDLSKLVTHVYHGFDHIEEALLLMKDKPKDLIKAVVIL
G043,MKGFAMLGINKLGWIEKERPVAGSYDAIVRPLAVSPCTSDIHTVFEGALGDRKNMILGHEAVGEVVEVGSEVKDFKPGDRVIVPCTTPDWRSLEVQAGFQQHSNGMLAGWKFSNFKDGVFGEYFHVNDADMNLAILPKDMPLENAVMITDMMTTGFHGAELADIQMGSSVVVIGIGAVGLMGIAGAKLRGAGRIIGVGSRPICVEAAKFYGATDILNYKNGHIVDQVMKLTNGKGVDRVIMAGGGSETLSQAVSMVKPGGIISNINYHGSGDALLIPRVEWGCGMAHKTIKGGLCPGGRLRAEMLRDMVVYNRVDLSKLVTHVYHGFDHIEEALLLMKDKPKDLIKAVVIL
G044,MKGMSKMPQFNLRWPREVLDLVRKVAEENGRSVNSEIYQRVMESFKKEGRIGA
G045,MKIAGIDEAGRGPVIGPMVIAAVVVDENSLPKLEELKVRDSKKLTPKRREKLFNEILGVLDDYVILELPPDVIGSREGTLNEFEVENFAKALNSLKVKPDVIYADAADVDEERFARELGERLNFEAEVVAKHKADDIFPVVSAASILAKVTRDRAVEKLKEEYGEIGSGYPSDPRTRAFLENYYREHGEFPPIVRKGWKTLKKIAEKVESEKKAEERQATLDRYFRKV
G046,MKIKTGARILALSALTTMMFSASALAKIEEGKLVIWINGDKGYNGLAEVGKKFEKDTGIKVTVEHPDKLEEKFPQVAATGDGPDIIFWAHDRFGGYAQSGLLAEITPDKAFQDKLYPFTWDAVRYNGKLIAYPIAVEALSLIYNKDLLPNPPKTWEEIPALDKELKAKGKSALMFNLQEPYFTWPLIAADGGYAFKYENGKYDIKDVGVDNAGAKAGLTFLVDLIKNKHMNADTDYSIAEAAFNKGETAMTINGPWAWSNIDTSKVNYGVTVLPTFKGQPSKPFVGVLSAGINAASPNKELAKEFLENYLLTDEGLEAVNKDKPLGAVALKSYEEELAKDPRIAATMENAQKGEIMPNIPQMSAFWYAVRTAVINAASGRQTVDEALKDAQTRITK
G047,MKKIWLALAGLVLAFSASAAQYEDGKQYTTLEKPVAGAPQVLEFFSFFCPHCYQFEEVLHISDNVKKKLPEGVKMTKYHVNFMGGDLGKDLTQAWAVAMALGVEDKVTVPLFEGVQKTQTIRSASDIRDVFINAGIKGEEYDAAWNSFVVKSLVAQQEKAAADVQLRGVPAMFVNGKYQLNPQGMDTSNMDVFVQQYADTVKYLSEKK
G048,MKKRIALLPGDGIGPEVLESATDVLKSVAERFNHEFEFEYGLIGGAAIDEHHNPLPEETVAACKNADAILLGAVGGPKWDQNPSELRPEKGLLSIRKQLDLFANLRPVKVFESLSDASPLKKEYIDNVDFVIVRELTGGLYFGQPSKRYVNTEGEQEAVDTLFYKRTEIERVIREGFKMAAARKGKVTSVDKANVLESSRLWREVAEDVAQEFPDVKLEHMLVDNAAMQLIYAPNQFDVVVTENMFGDILSDEASMLTGSLGMLPSASLSSSGLHLFEPVHGSAPDIAGKGMANPFAAILSAAMLLRTSFGLEEEAKAVEDAVNKVLASGKRTRDLARSEEFSSTQAITEEVKAAIMSENTISNV
G049,MKLWFSTLKLKKAAAVLLFSCVALAGCANNQTNASQPAEKNEKTEMKDDFAKLEEQFDAKLGIFALDTGTNRTVAYRPDERFAFASTIKALTVGVLLQQKSIEDLNQRITYTRDDLVNYNPITEKHVDTGMTLKELADASLRYSDNAAQNLILKQIGGPESLKKELRKIGDEVTNPERFEPELNEVNPGETQDTSTARALVTSLRAFALEDKLPSEKRELLIDWMKRNTTGDALIRAGVPDGWEVADKTGAASYGTRNDIAIIWPPKGDPVVLAVLSSRDKKDAKYDDKLIAEATKVVMKALNMNGK
G050,MKMSRLCLSVALLVLLGTLAASTPGCDTSNQAKAQRPDFCLEPPYTGPCKARIIRYFYNAKAGLCQTFVYGGCRAKRNNFKSAEDCMRTCGGAIGPWENL
G051,MKPYALLSLLATGTLLAQGAWAEDPEVLFKNKGCVACHAIDTKMVGPAYKDVAAKFAGQAGAEAELAQRIKNGSQGVWGPIPMPPNAVSDDEAQTLAKWVLSQK
G052,MKVAVLPGDGIGPEVTEAALKVLRALDEAEGLGLAYEVFPFGGAAIDAFGEPFPEPTRKGVEEAEAVLLGSVGGPKWDGLPRKISPETGLLSLRKSQDLFANLRPAKVFPGLERLSPLKEEIARGVDVLIVRELTGGIYFGEPRGMSEAEAWNTERYSKPEVERVARVAFEAARKRRKHVVSVDKANVLEVGEFWRKTVEEVGRGYPDVALEHQYVDAAAMHLVRSPARFDVVVTGNIFGDILSDLASVLPGSLGLLPSASLGRGTPVFEPVHGSAPDIAGKGIANPTAAILSAAMMLEHAFGLVELARKVEDAVAKALLETPPPDLGGSAGTEAFTATVLRHLA
G053,MKWVWALLLLAALGSGKAERDCRVSSFFAKENFLKARFSGTFYAMALKDPEGEFLQDNAVAEFSVDETGQMSATAKGRVRLLNNWDVCADMVGTFTDTEDPAKFKMKYWGVASFLQKGNDDHWIVDTDYDTYAVQYSCRLLNLDGTCADSYSFVFSRDPLGLPPEADKIVRQRQEELCLARQYLLIVHNGYCDGLSERNLL
G054,MKWVWALLLLAALGSGRAERDCRVSSFRVKENFDKARFSGTWYAMAKKDPEGLFLQDNIVAEFSVDETGQMSATAKGRVRLLNNWDVCADMVGTFTDTEDPAKFKMKYWGVASFLQKGNDDHWIVDTDYDTYAVQYSCRLLNLDGTCADSYSFVFSRDPNGLPPEAQKIVRQRQEELCLARQYRLIVHNGYCDGRSERNLL
G055,MLEGKVKWFNSEKGFGFIEVEGQDDVFVHFSAIQGEGFKTLEEGQAVSFEIVEGNRGPQAANVTKEA
G056,MLKQVEIFTDGSCLGNPGPGGYGAILRYRGREKTFSAGYTRTTNNRMELMAAIVALEALKEHCEVILSTDSQYVRQGITQWIHNWKKRGWKTADKKPVKNVDLWQRLDAALGQHQIKWEWVKGHAGHPENERCDELARAAAMNPTLEDTGYQVEV
G057,MLKSALLLGAAAVSVQSASIPTIPANLEPRQIRSLCELYGYWSGNGYELLNNLWGKDTATSGWQCTYLDGTNNGGIQWSTAWEWQGAPDNVKSYPYVGKQIQRGRKISDINSMRTSVSWTYDRTDIRANVAYDVFTARDPDHPNWGGDYELMIWLARYGGIYPIGTFHSQVNLAGRTWDLWTGYNGNMRVYSFLPPSGDIRDFSCDIKDFFNYLERNHGYPAREQNLIVYQVGTECFTGGPARFTCRDFRADLW
G058,MLPKLVITHRVHDEILQLLAPHCELMTNQTDSTLTREEILRRCRDAQAMMAFMPDRVDADFLQACPELRVVGCALKGFDNFDVDACTARGVWLTFVPDLLTVPTAELAIGLAVGLGRHLRAADAFVRSGEFQGWQPQFYGTGLDNATVGILGMGAIGLAMADRLQGWGATLQYHEAKALDTQTEQRLGLRQVACSELFASSDFILLALPLNADTQHLVNAELLALVRPGALLVNPCRGSVVDEAAVLAALERGQLGGYAADVFEMEDWARADRPRLIDPALLAHPNTLFTPHIGSAVRAVRLEIERCAAQNIIQVLAGARPINAANRLPKAEPAAC
G059,MLSRAVCGTSRQLAPVLGYLGSRQKHSLPDLPYDYGALEPHINAQIMQLHHSKHHAAYVNNLNVTEEKYQEALAKGDVTAQIALQPALKFNGGGHINHSIFWTNLSPNGGGEPKGELLEAIKRDFGSFDKFKEKLTAASVGVQGSGWGWLGFNKERGHLQIAACPNQDPLQGTTGLIPLLGIDVWEHAYYLQYKNVRPDYLKAIWNVINWENVTERYMACKK
G060,MLVMTEYLLSAGICMAIVSILLIGMAISNVSKGQYAKRFFFFATSCLVLTLVVVSSLSSSANASQTDNGVNRSGSEDPTVYSATSTKKLHKEPATLIKAIDGDTVKLMYKGQPMTFRLLLVDTPETKHPKKGVEKYGPEASAFTKKMVENAKKIEVEFDKGQRTDKYGRGLAYIYADGKMVNEALVRQGLAKVAYVYKPNNTHEQHLRKSEAQAKKEKLNIWSEDNADSGQ
G061,MMKMEGIALKKRLSWISVCLLVLVSAAGMLFSTAAKTETSSHKAHTEAQVINTFDGVADYLQTYHKLPDNYITKSEAQALGWVASKGNLADVAPGKSIGGDIFSNREGKLPGKSGRTWREADINYTSGFRNSDRILYSSDWLIYKTTDHYQTFTKIR
G062,MMSFVSLLLVGILFHATQAEQLTKCEVFRELKDLKGYGGVSLPEWVCTTFHTSGYDTQAIVQNNDSTEYGLFQINNKIWCKDDQNPHSSNICNISCDKFLDDDLTDDIMCVKKILDKVGINYWLAHKALCSEKLDQWLCEKL
G063,MMYSKLLTLTTLLLPTALALPSLVERACDYTCGSNCYSSSDVSTAQAAGYQLHEDGETVGSNSYPHKYNNYEGFDFSVSSPYYEWPILSSGDVYSGGSPGADRVVFNENNQLAGVITHTGASGNNFVECT
G064,MNIFEMLRIDERLRLKIYKDTEGYYTIGIGHLLTKSPSLNAAKSELDKAIGRNCNGVITKDEAEKLFNQDVDAAVRGILRNAKLKPVYDSLDAVRRCALINMVFQMGETGVAGFTNSLRMLQQKRWDEAAVNLAKSIWYNQTPNRAKRVITTFRTGTWDAYKNL
G065,MNKTELINAVAEASELSKKDATKAVDSVFDTILDALKNGDKIQLIGFGNFEVRERSARKGRNPQTGEEIEIPASKVPAFKPGKALKDAVAGK
G066,MNKTELINAVAETSGLSKKDATKAVDAVFDSITEALRKGDKVQLIGFGNFEVRERAARKGRNPQTGEEMEIPASKVPAFKPGKALKDAVK
G067,MNMKKLATLVSAVALSATVSANAMAKDTIALVVSTLNNPFFVSLKDGAQKEADKLGYNLVVLDSQNNPAKELANVQDLTVRGTKILLINPTDSDAVGNAVKMANQANIPVITLDRQATKGEVVSHIASDNVLGGKIAGDYIAKKAGEGAKVIELQGIAGTSAARERGEGFQQAVAAHKFNVLASQPADFDRIKGLNVMQNLLTAHPDVQAVFAQNDEMALGALRALQTAGKSDVMVVGFDGTPDGEKAVNDGKLAATIAQLPDQIGAKGVETADKVLKGEKVQAKYPVDLKLVVKQ
G068,MNQLNTAIVEKEVIDPMAFRRALGNFATGVTIMTAQTSSGERVGVTANSFNSVSLDPALVLWSIDKKSSSYRIFEEATHFGVNILSAAQIELSNRFARRSEDKFANIEFDLGVGNIPLFKNCSAAFECERYNIVEGGDHWIIIGRVVKFHDHGRSPLLYHQGAYSAVLPHPSLNMKSETAEGVFPGRLYDNMYYLLTQAVRAYQNDYQPKQLASGFRTSEARLLLVLESKTASSKCDLQREVAMPIREIEEATKILSEKGLLIDNGQHYELTEQGNACAHMLYKIAESHQEEVFAKYTVDERKLFKNMLKDLIGI
G069,MNQSVSSLPEKDIQYQLHPYTNARLHQELGPLIIERGEGIYVYDDQGKGYIEAMAGLWSAALGFSNQRLIKAAEQQFNTLPFYHLFSHKSHRPSIELAEKLIEMAPVPMSKVFFTNSGSEANDTVVKMVWYLNNALGKPAKKKFISRVNGYHGITVASASLTGLPGNQRGFDLPLPGFLHVGCPHHYRFALAGESEEHFADRLAVELEQKILAEGPETIAAFIGEPLMGAGGVIVPPRTYWEKIQKVCRKYDILVIADEVICGFGRTGQMFGSQTFGIQPDIMVLSKQLSSSYQPIAAILINAPVFEGIADQSQALGALGHGFTGSGHPVATAVALENLKIIEEESLVEHAAQMGQLLRSGLQHFIDHPLVGEIRGCGLIAAVELVGDRVSKAPYQALGTLGRYMAGRAQEHGMITRAMGDAVAFCPPLIVNEQEVGMIVERFARALDDTTQWVG
G070,MNTLLAVLMLAVAAQARPDAAGHVNIAEAVQQLNHTIVNAAHELHETLGLPTPDEALNLLTEQANAFKTKIAEVTTSLKQEAEKHQGSVAEQLNRFARNLNNSIHDAATSAQPADQLNSLQSALTNVGHQWQTSQPRPSVAQEAWAPVQSALQEAAEKTKEAAANLQNSIQSAVQKPAN
G071,MNYPVNPDLMPALMAVFQHVRTRIQSELDCQRLDLTPPDVHVLKLIDEQRGLNLQDLGRQMCRDKALITRKIRELEGRNLVRRERNPSDQRSFQLFLTDEGLAIHQHAEAIMSRVHDELFAPLTPVEQATLVHLLDQCLAAQPLEDI
G072,MPHSHPALTPEQKKELSDIAHRIVAPGKGILAADESTGSIAKRLQSIGTENTEENRRFYRQLLLTADDRVNPCIGGVILFHETLYQKADDGRPFPQVIKSKGGVVGIKVDKGVVPLAGTNGETTTQGLAGLSERCAQYKKDGADFAKWRCVLKIGEHTPSALAIMENANVLARYASICQQNGIVPIVEPEILPDGDHDLKRCQYVTEKVLAAVYKALSDHHIYLEGTLLKPNMVTPGHACTQKYSHEEIAMATVTALRRTVPPAVTGVTFLSGGQSEEEASINLNAINKCPLLKPWALTFSYGRALQASALKAWGGKKENLKAAQEEYVKRALANSLACQGKYTPSGQAGAAASESLFISNHAY
G073,MPHSHPALTPEQKKELSDIAHRIVAPGKGILAADESTGSIAKRLQSIGTENTEENRRFYRQLLLTADDRVNPCIGGVILFHETLYQKADDGRPFPQVIKSKGGVVGIKVDKGVVPLAGTNGETTTQGLDGLSERCAQYKKDGADFAKWRCVLKIGEHTPSALAIMENANVLARYASICQQNGIVPIVEPEILPDGDHDLKRCQYVTEKVLAAVYKALSDHHIYLEGTLLKPNMVTPGHACTQKYSHEEIAMATVTALRRTVPPAVTGVTFLSGGQSEEEASINLNAINKCPLLKPWALTFSYGRALQASALKAWGGKKENLKAAQEEYVKRALANSLACQGKYTPSGQAGAAASESLFISNHAY
G074,MPIATSTGDNVLDFTVLGLNSGTSMDGIDCALCHFYQKTPDAPMEFELLEYGEVPLAQPIKQRVMRMILEDTTSPSELSEVNVILGEHFADAVRQFAAERNVDLSTIDAIASHGQTIWLLSMPEEGQVKSALTMAEGAILASRTGITSITDFRISDQAAGRQGAPLIAFFDALLLHHPTKLRACQNIGGIANVCFIPPDVDGRRTDEYYDFDTGPGNVFIDAVVRHFTNGEQEYDKDGAMGKRGKVDQELVDDFLKMPYFQLDPPKTTGREVFRDTLAHDLIRRAEAKGLSPDDIVATTTRITAQAIVDHYRRYAPSQEIDEIFMCGGGAYNPNIVEFIQQSYPNTKIMMLDEAGVPAGAKEAITFAWQGMEALVGRSIPVPTRVETRQHYVLGKVSPGLNYRSVMKKGMAFGGDAQQLPWVSEMIVKKKGKVITNNWA
G075,MPSSVSWGILLLAGLCCLVPVSLAEDPQGDAAQKTDTSHHDQDHPTFNKITPNLAEFAFSLYRQLAHQSNSTNIFFSPVSIATAFAMLSLGTKADTHDEILEGLNFNLTEIPEAQIHEGFQELLRTLNQPDSQLQLTTGNGLFLSEGLKLVDKFLEDVKKLYHSEAFTVNFGDTEEAKKQINDYVEKGTQGKIVDLVKELDRDTVFALVNYIFFKGKWERPFEVKDTEEEDFHVDQVTTVKVPMMKRLGMFNIQHCKKLSSWVLLMKYLGNATAIFFLPDEGKLQHLENELTHDIITKFLENEDRRSASLHLPKLSITGTYDLKSVLGQLGITKVFSNGADLSGVTEEAPLKLSKAVHKAVLTIDEKGTEAAGAMFLEAIPMSIPPEVKFNKPFVFLMIEQNTKSPLFMGKVVNPTQK
G076,MPVRRGHVAPQNTFLDTIIRKFEGQSRKFIIANARVENCAVIYCNDGFCELCGYSRAEVMQRPCTCDFLHGPRTQRRAAAQIAQALLGAEERKVEIAFYRKDGSCFLCLVDVVPVKNEDGAVIMFILNFEVVMEKDMVGSPAHDTNHRGPPTSWLAPGRAKTFRLKLPALLALTARESSVRSGGAGGAGAPGAVVVDVDLTPAAPSSESLALDEVTAMDNHVAGLGPAEERRALVGPGSPPRSAPGQLPSPRAHSLNPDASGSSCSLARTRSRESCASVRRASSADDIEAMRAGVLPPPPRHASTGAMHPLRSGLLNSTSDSDLVRYRTISKIPQITLNFVDLKGDPFLASPTSDREIIAPKIKERTHNVTEKVTQVLSLGADVLPEYKLQAPRIHRWTILHYSPFKAVWDWLILLLVIYTAVFTPYSAAFLLKETEEGPPATECGYACQPLAVVDLIVDIMFIVDILINFRTTYVNANEEVVSHPGRIAVHYFKGWFLIDMVAAIPFDLLIFGSGSEELIGLLKTARLLRLVRVARKLDRYSEYGAAVLFLLMCTFALIAHWLACIWYAIGNMEQPHMDSRIGWLHNLGDQIGKPYNSSGLGGPSIKDKYVTALYFTFSSLTSVGFGNVSPNTNSEKIFSICVMLIGSLMYASIFGNVSAIIQRLYSGTARYHTQMLRVREFIRFHQIPNPLRQRLEEYFQHAWSYTNGIDMNAVLKGFPECLQADICLHLNRSLLQHCKPFRGATKGCLRALAMKFKTTHAPPGDTLVHAGDLLTALYFISRGSIEILRGDVVVAILGKNDIFGEPLNLYARPGKSNGDVRALTYCDLHKIHRDDLLEVLDMYPEFSDHFWSSLEITFNLRDTNMIPGSPGSTELEGGFSRQRKRKLSFRRRTDKDTEQPGEVSALGPGRAGAGPSSRGRPGGPWGESPSSGPSSPESSEDEGPGRSSSPLRLVPFSSPRPPGEPPGGEPLMEDCEKSSDTCNPLSGAFSGVSNIFSFWGDSRGRQYQELPRCPAPTPSLLNIPLSSPGRRPRGDVESRLDALQRQLNRLETRLSADMATVLQLLQRQMTLVPPAYSAVTTPGPGPTSTSPLLPVSPLPTLTLDSLSQVSQFMACEELPPGAPELPQEGPTRRLSLPGQLGALTSQPLHRHGSDPGS
G077,MQFKVYTYKRESRYRLFVDVQSDIIDTPGRRMVIPLASARLLSDKVSRELYPVVHIGDESWRMMTTDMASVPVSVIGEEVADLSHRENDIKNAINLMFWGI
G078,MQRGKVKWFNNEKGYGFIEVEGGSDVFVHFTAIQGEGFKTLEEGQEVSFEIVQGNRGPQAANVVKL
G079,MRGKKVWISLLFALALIFTMAFGSTSSAQAAGKSNGEKKYIVGFKQTMSTMSAAKKKDVISEKGGKVQKQFKYVDAASATLNEKAVKELKKDPSVAYVEEDHVAHAYAQSVPYGVSQIKAPALHSQGYTGSNVKVAVIDSGIDSSHPDLKVAGGASMVPSETNPFQDNNSHGTHVAGTVAALNNSIGVLGVAPSASLYAVKVLGADGSGQYSWIINGIEWAIANNMDVINMSLGGPSGSAALKAAVDKAVASGVVVVAAAGNEGTSGSSSTVGYPGKYPSVIAVGAVDSSNQRASFSSVGPELDVMAPGVSIQSTLPGNKYGAYNGTSMASPHVAGAAALILSKHPNWTNTQVRSSLENTTTKLGDSFYYGKGLINVQAAAQ
G080,MRGKKVWISLLFALALIFTMAFGSTSSAQAAGKSNGEKKYIVGFKQTMSTMSAAKKKDVISEKGGKVQKQFKYVDAASATLNEKAVKELKKDPSVAYVEEDHVAHAYLQSVPYGVSQIKAPALHSQGYTGSNVKVAVIDSGIDSSHPDLKVAGGASMVPSETNPFQDNNSHGTHVAGTVAALNNSIGVLGVAPSASLYAVKVLGADGSGQYSWIINGIEWAIANNMDVINMSLGGPSGSAALKAAVDKAVASGVVVVAAAGNEGTSGSSSTVGYPGKYPSVIAVGAVDSSNQRASFSSVGPELDVMAPGVSIQSTLPGNKYGAYNGTSMASPHVAGAAALILSKHPNWTNTQVRSSLENTTTKLGDSFYYGKGLINVQAAAQ
G081,MRGSHHHHHHGSDLGRKLLEAARAGQDDEVRILMANGADVNAADNTGTTPLHLAAYSGHLEIVEVLLKHGADVDASDVFGYTPLHLAAYWGHLEIVEVLLKNGADVNAMDSDGMTPLHLAAKWGYLEIVEVLLKHGADVNAQDKFGKTAFDISIDNGNEDLAEILQKLN
G082,MRHGDISSSNDTVGVAVVNYKMPRLHTAAEVLDNARKIAEMIVGMKQGLPGMDLVVFPEYSLQGIMYDPAEMMETAVAIPGEETEIFSRACRKANVWGVFSLTGERHEEHPRKAPYNTLVLIDNNGEIVQKYRKIIPWCPIEGWYPGGQTYVSEGPKGMKISLIICDDGNYPEIWRDCAMKGAELIVRCQGYMYPAKDQQVMMAKAMAWANNCYVAVANAAGFDGVYSYFGHSAIIGFDGRTLGECGEEEMGIQYAQLSLSQIRDARANDQSQNHLFKILHRGYSGLQASGDGDRGLAECPFEFYRTWVTDAEKARENVERLTRSTTGVAQCPVGRLPYEGLEKEA
G083,MRIILLGAPGAGKGTQAQFIMEKYGIPQISTGDMLRAAVKSGSELGKQAKDIMDAGKLVTDELVIALVKERIAQEDCRNGFLLDGFPRTIPQADAMKEAGINVDYVLEFDVPDELIVDRIVGRRVHAPSGRVYHVKFNPPKVEGKDDVTGEELTTRKDDQEETVRKRLVEYHQMTAPLIGYYSKEAEAGNTKYAKVDGTKPVAEVRADLEKILG
G084,MRNTGAGPSPSVSRPPPSAAPLSGAALAAPGDAPSALYAPSALVLTVGKGVSATTAAPERAVTLTCAPGPSGTHPAAGSACADLAAVGGDLNALTRGEDVMCPMVYDPVLLTVDGVWQGKRVSYERVFSNECEMNAHGSSVFAF
G085,MRPSLPPLLTCLLAALPALLSAGCSPATPSAHAAEPASRNVPFPYAETDVADLQARMTAGELDSTTLTQAYLQRIAALDRTGPRLRAVIELNPDALKEAAERDRERRDGRLRGPLHGIPLLLKDNINAAPMATSAGSLALQGFRPDDAYLVRRLRDAGAVVLGKTNLSEWANFRGNDSISGWSARGGQTRNPYRISHSPCGSSSGSAVAVAANLASVAIGTETDGSIVCPAAINGVVGLKPTVGLVSRDGIIPISFSQDTAGPMARSVADAAAVLTAIAGRDDADPATATMPGRAVYDYTARLDPQGLRGKRIGLLQTPLLKYRGMPPLIEQAATELRRAGAVVVPVELPNQGAWAEAERTLLLYEFKAGLERYFNTHRAPLRSLADLIAFNQAHSKQELGLFGQELLVEADATAGLADPAYIRARSDARRLAGPEGIDAALAAHQLDALVAPTTGVAWPIRSEGDDFPGESYSAAAVAGYPSLTVPMGQIDGLPVGLLFMGTAWSEPKLIEMAYAYEQRTRARRPPHFDTDALIDAGEP
G086,MRSLLILVLCFLPLAALGKVFGRCELAAAMKRHGLDNYRGYSLGNWVCAAKFESNFNTQATNRNTDGSTDYGILQINSRWWCNDGRTPGSRNLCNIPCSALLSSDITASVNCAKKIVSDGNGMNAWVAWRNRCKGTDVQAWIRGCRL
G087,MSEIGTGFPFDPHYVEVLGERMHYVDVGPRDGTPVLFLHGNPTSSYLWRNIIPHVAPSHRCIAPDLIGMGKSDKPDLDYFFDDHVRYLDAFIEALGLEEVVLVIHDWGSALGFHWAKRNPERVKGIACMEFIRPIPTWDEWPEFARETFQAFRTADVGRELIIDQNAFIEGVLPKCVVRPLTEVEMDHYREPFLKPVDREPLWRFPNEIPIAGEPANIVALVEAYMNWLHQSPVPKLLFWGTPGVLIPPAEAARLAESLPNCKTVDIGPGLHYLQEDNPDLIGSEIARWLPGLA
G088,MSENTFIFPATFMWGTSTSSYQIEGGTDEGGRTPSIWDTFCQIPGKVIGGDCGDVACDHFHHFKEDVQLMKQLGFLHYRFSVAWPRIMPAAGIINEEGLLFYEHLLDEIELAGLIPMLTLYHWDLPQWIEDEGGWTQRETIQHFKTYASVIMDRFGERINWWNTINEPYCASILGYGTGEHAPGHENWREAFTAAHHILMCHGIASNLHKEKGLTGKIGITLNMEHVDAASERPEDVAAAIRRDGFINRWFAEPLFNGKYPEDMVEWYGTYLNGLDFVQPGDMELIQQPGDFLGINYYTRSIIRSTNDASLLQVEQVHMEEPVTDMGWEIHPESFYKLLTRIEKDFSKGLPILITENGAAMRDELVNGQIEDTGRHGYIEEHLKACHRFIEEGGQLKGYFVWSFLDNFEWAWGYSKRFGIVHINYETQERTPKQSALWFKQMMAKNGF
G089,MSHHWGYGKHNGPEHWHKDFPIAKGERQSPVDIDTHTAKYDPSLKPLSVSYDQATSLRILNNGHAFNVEFDDSQDKAVLKGGPLDGTYRLIQFHFHWGSLDGQGSEHTVDKKKYAAELHLVHWNTKYGDFGKAVQQPDGLAVLGIFLKVGSAKPGLQKVVDVLDSIKTKGKSADFTNFDPRGLLPESLDYWTYPGSLTTPPLLECVTWIVLKEPISVSSEQVLKFRKLNFNGEGEPEELMVDNWRPAQPLKNRQIKASFK
G090,MSIQHFRVALIPFFAAFCLPVFAHPETLVKVKDAEDQLGARVGYIELDLNSGKILESFRPEERFPMMSTFKVLLCGAVLSRVDAGQEQLGRRIHYSQNDLVEYSPVTEKHLTDGMTVRELCSAAITMSDNTAANLLLTTIGGPKELTAFLHNMGDHVTRLDRWEPELNEAIPNDERDTTMPAAMATTLRKLLTGELLTLASRQQLIDWMEADKVAGPLLRSALPAGWFIADKSGAGERGSRGIIAALGPDGKPSRIVVIYTTGSQATMDERNRQIAEIGASLIKHW
G091,MSKKIGLFYGTQTGKTESVAEIIRDEFGNDVVTLHDVSQAEVTDLNDYQYLIIGCPTWNIGELQSDWEGLYSELDDVDFNGKLVAYFGTGDQIGYADNFQDAIGILEEKISQRGGKTVGYWSTDGYDFNDSKALRNGKFVGLALDEDNQSDLTDDRIKSWVAQLKSEFGL
G092,MSMTDLLSAEDIKKAIGAFTAADSFDHKKFFQMVGLKKKSADDVKKVFHILDKDKSGFIEEDELGSILKGFSSDARDLSAKETKTLMAAGDKDGDGKIGVEEFSTLVAES
G093,MSSRKELANAIRALSMDAVQKAKSGHPGAPMGMADIAEVLWRDFLKHNPQNPSWADRDRFVLSNGHGSMLIYSLLHLTGYDLPMEELKNFRQLHSKTPGHPEVGYTAGVETTTGPLGQGIANAVGMAIAEKTLAAQFNRPGHDIVDHYTYAFMGDGCMMEGISHEVCSLAGTLKLGKLIAFYDDNGISIDGHVEGWFTDDTAMRFEAYGWHVIRDIDGHDAASIKRAVEEARAVTDKPSLLMCKTIIGFGSPNKAGTHDSHGAPLGDAEIALTREQLGWKYAPFEIPSEIYAQWDAKEAGQAKESAWNEKFAAYAKAYPQEAAEFTRRMKGEMPSDFDAKAKEFIAKLQANPAKIASRKASQNAIEAFGPLLPEFLGGSADLAPSNLTLWSGSKAINEDAAGNYIHYGVREFGMTAIANGISLHGGFLPYTSTFLMFVEYARNAVRMAALMKQRQVMVYTHDSIGLGEDGPTHQPVEQVASLRVTPNMSTWRPCDQVESAVAWKYGVERQDGPTALILSRQNLAQQERTEEQLANIARGGYVLKDCAGQPELIFIATGSEVELAVAAYEKLTAEGVKARVVSMPSTDAFDKQDAAYRESVLPKAVTARVAVEAGIADYWYKYVGLNGAIVGMTTFGESAPAELLFEEFGFTVDNVVAKAKELL
G094,MSSSESIRMVLIGPPGAGKGTQAPNLQERFHAAHLATGDMLRSQIAKGTQLGLEAKKIMDQGGLVSDDIMVNMIKDELTNNPACKNGFILDGFPRTIPQAEKLDQMLKEQGTPLEKAIELKVDDELLVARITGRLIHPASGRSYHKIFNPPKEDMKDDVTGEALVQRSDDNADALKKRLAAYHAQTEPIVDFYKKTGIWAGVDASQPPATVWADILNKLGKD
G095,MSSVEKKPEGVNTGAGDRHNLKTEWPELVGKSVEEAKKVILQDKPEAQIIVLPVGTIVTMEYRIDRVRLFVDKLDNIAQVPRVG
G096,MSTARPLKSVDYEVFGRVQGVCFRMYAEDEARKIGVVGWVKNTSKGTVTGQVQGPEEKVNSMKSWLSKVGSPSSRIDRTNFSNEKTISKLEYSNFSVRY
G097,MSTKKKPLTQEQLEDARRLKAIYEKKKNELGLSQESVADKMGMGQSGVGALFNGINALNAYNAALLAKILKVSVEEFSPSIAREIYEMYEAVSMQPSLRSEYEYPVFSHVQAGMFSPELRTFTKGDAERWVSTTKKASDSAFWLEVEGNSMTAPTGSKPSFPDGMLILVDPEQAVEPGDFCIARLGGDEFTFKKLIRDSGQVFLQPLNPQYPMIPCNESCSVVGKVIASQWPEETFG
G098,MTDITANVVVSNPRPIFTESRSFKAVANGKIYIGQIDTDPVNPANQIPVYIENEDGSHVQITQPLIINAAGKIVYNGQLVKIVTVQGHSMAIYDANGSQVDYIANVLKYDPDQYSIEADKKFKYSVKLSDYPTLQDAASAAVDGLLIDRDYNFYGGETVDFGGKVLTIECKAKFIGDGNLIFTKLGKGSRIAGVFMESTTTPWVIKPWTDDNQWLTDAAAVVATLKQSKTDGYQPTVSDYVKFPGIETLLPPNAKGQNITSTLEIRECIGVEVHRASGLMAGFLFRGCHFCKMVDANNPSGGKDGIITFENLSGDWGKGNYVIGGRTSYGSVSSAQFLRNNGGFERDGGVIGFTSYRAGESGVKTWQGTVGSTTSRNYNLQFRDSVVIYPVWDGFDLGADTDMNPELDRPGDYPITQYPLHQLPLNHLIDNLLVRGALGVGFGMDGKGMYVSNITVEDCAGSGAYLLTHESVFTNIAIIDTNTKDFQANQIYISGACRVNGLRLIGIRSTDGQGLTIDAPNSTVSGITGMVDPSRINVANLAEEGLGNIRANSFGYDSAAIKLRIHKLSKTLDSGALYSHINGGAGSGSAYTQLTAISGSTPDAVSLKVNHKDCRGAEIPFVPDIASDDFIKDSSCFLPYWENNSTSLKALVKKPNGELVRLTLATL
G099,MTEFKAGSAKKGATLFKTRCLQCHTVEKGGPHKVGPNLHGIFGRHSGQAEGYSYTDANIKKNVLWDENNMSEYLTNPKKYIPGTKMAFGGLKKEKDRNDLITYLKKACE
G100,MTEYKLVVVGAGGVGKSALTIQLIQNHFVDEYDPTIEDSYRKQVVIDGETCLLDILDTAGQEEYSAMRDQYMRTGEGFLCVFAINNTKSFEDIHLYREQIKRVKDSDDVPMVLVGNKCDLPSRTVDTKQAQELAKSYGIPFIETSAKTRQGVEDAFYTLVREIRQYRLKKLNSSDKGTQGCMGSKCVL
G101,MTKQEKTALNMARFIRSQTLTLLEKLNELDADEQADICESLHDHADELYRSCLARFGDDGENL
G102,MTSSSSPSLNALVTGGSRGIGEAISMQLAAEGYSVTIASRGLEQLEAVKAKLPIVKQGQTHHVWQLDLSDVEAAGSFKGAPLPASSYDVFVSNAGISQFSPIAEHADADWQNMLTVNLTAPIALTKAVVKAISDKPRQTPAHIIFISTGLSKRGAPMVGVYSASKAGIDGFMRSLARELGPKGINVNCVSPGVTRTSMAEGIDPSMFDLPINGWIEVDAIADAVTYLVKSKNVTGTTVSVDNGYCA
G103,MVDAFLGTWKLVDSKNFDDYMKSLGVGFATRQVASMTKPLTIIEKNGDILTLKTHSTFKNTEISFKLGVEFDETTADDRKVKSIVTLDGGKLVHLQKWDGQETTLVRELIDGKLILTLTHGTAVCTRTYEKEA
G104,MVDFAFELRKAQDTGKIVMGARKSIQYAKMGGAKLIIVARNARPDIKEDIEYYARLSGIPVYEFEGTSVELGTLLGRPHTVSALAVVDPGESRILALGGKE
G105,MVGVGGGDVEDVTPRPGGCQISGRGARGCNGIPGAAAWEAALPRRRPRRHPSVNPRSRAAGSPRTRGRRTEERPSGSRLGDRGRGRALPGGRLGGRGRGRAPERVGGRGRGRGTAAPRAAPAARGSRPGPAGTMAAGSITTLPALPEDGGSGAFPPGHFKDPKRLYCKNGGFFLRIHPDGRVDGVREKSDPHIKLQLQAEERGVVSIKGVCANRYLAMKEDGRLLASKCVTDECFFFERLESNNYNTYRSRKYTSWYVALKRAGQYKLGSKTGPGQKAILFLPMSAKS
G106,MVGVGGGDVEDVTPRPGGCQISGRGARGCNGIPGAAAWEAALPRRRPRRHPSVNPRSRAAGSPRTRGRRTEERPSGSRLGDRGRGRALPGGRLGGRGRGRAPERVGGRGRGRGTAAPRAAPAARGSRPGPAGTMAAGSITTLPALPEDGGSGAFPPGHFKDPKRLYCKNGGFFLRIHPDGRVDGVREKSDPHIKLQLQAEERGVVSIKGVCANRYLAMKEDGRLLASKCVTDECFFFERLESNNYNTYRSRKYTSWYVALKRTGQYKLGSKTGPGQKAILFLPMSAKS
G107,MVLKQRANYLGFLIVFFTAFLVEAVPIKRQSNSTVDSLPPLIPSRTSAPSSSPSTTDPEAPAMSRNGPLPSDVETKYGMALNATSYPDSVVQAMSIDGGIRAATSQEINELTYYTTLSANSYCRTVIPGATWDCIHCDATEDLKIIKTWSTLIYDTNAMVARGDSEKTIYIVFRGSSSIRNWIADLTFVPVSYPPVSGTKVHKGFLDSYGEVQNELVATVLDQFKQYPSYKVAVTGHSLGGATALLCALDLYQREEGLSSSNLFLYTQGQPRVGDPAFANYVVSTGIPYRRTVNERDIVPHLPPAAFGFLHAGEEYWITDNSPETVQVCTSDLETSDCSNSIVPFTSVLDHLSYFGINTGLCT
G108,MVLSEGEWQLVLHVWAKVEADVAGHGQDILIRLFKSHPETLEKFDRFKHLKTEAEMKASEDLKKHGVTVLTALGAILKKKGHHEAELKPLAQSHATKHKIPIKYLEFISEAIIHVLHSRHPGDFGADAQGAMNKALELFRKDIAAKYKELGYQG
G109,MVNLRNAVHSFLVHLIGLLVWQCDISVSPVAAIVTDIFNTSDGGRFKFPDGVQNWPALSIVIIIIMTIGGNILVIMAVSMEKKLHNATNYFLMSLAIADMLVGLLVMPLSLLAILYDYVWPLPRYLCPVWISLDVLFSTASIMHLCAISLDRYVAIRNPIEHSRFNSRTKAIMKIAIVWAISIGVSVPIPVIGLRDEEKVFVNNTTCVLNDPNFVLIGSFVAFFIPLTIMVITYCLTIYVLRRQALMLLHGHTEEPPGLSLDFLKCCKRNTAEEENSANPNQDQNARRRKKKERRPRGTMQAINNERKASKVLGIVFFVFLIMWCPFFITNILSVLCEKSCNQKLMEKLLNVFVWIGYVCSGINPLVYTLFNKIYRRAFSNYLRCNYKVEKKPPVRQIPRVAATALSGRELNVNIYRHTNEPVIEKASDNEPGIEMQVENLELPVNPSSVVSERISSV
G110,QDWLTFQKKHITNTRDVDCDNIMSTNLFHCKDKNTFIYSRPEPVKAICKGIIASKNVLTTSEFYLSDCNVTSRPCKYKLKKSTNKFCVTCENQAPVHFVGVGSC
G111,SSCPGKSSWPHLVGVGGSVAKAIIERQNPNVKAVILEEGTPVTKDFRCNRVRIWVNKRGLVVSPPRIG
